{
  "minecraft:recipes/redstone/dispenser": {
    "criteria": {
      "has_bow": "2019-03-21 19:30:17 -0400"
    },
    "done": true
  },
  "minecraft:adventure/root": {
    "criteria": {
      "killed_something": "2019-03-21 19:30:27 -0400"
    },
    "done": true
  },
  "minecraft:adventure/shoot_arrow": {
    "criteria": {
      "shot_arrow": "2019-03-21 19:30:24 -0400"
    },
    "done": true
  },
  "minecraft:adventure/adventuring_time": {
    "criteria": {
      "plains": "2019-03-21 19:30:17 -0400"
    },
    "done": false
  }
}