{"stat.drop.minecraft.potion":1,"stat.drop.minecraft.bow":1,"stat.drop.minecraft.mutton":3,"stat.walkOneCm":5276,"stat.killEntity.ElderGuardian":1,"stat.drop.musicmagic.mandolin_item_registry_name":2,"stat.drop.minecraft.wool":2,"stat.mobKills":1,"stat.useItem.minecraft.diamond_sword":12,"stat.pickup.musicmagic.mandolin_item_registry_name":1,"stat.useItem.minecraft.potion":1,"stat.pickup.minecraft.sponge":1,"stat.flyOneCm":20687,"stat.drop":10,"stat.jump":24,"stat.swimOneCm":206,"stat.playOneMinute":4769,"stat.sneakTime":170,"stat.drop.minecraft.diamond_sword":1,"stat.damageDealt":810,"stat.crouchOneCm":158,"stat.timeSinceDeath":4769,"stat.sprintOneCm":717,"stat.useItem.minecraft.stone_slab2":2,"stat.diveOneCm":49363}